inspectionId,response
1319523,0.073950567
1271208,0.531736947
659700,0.844764894
614596,0.272520815
1271460,0.279650967
567589,0.403831077
1345457,0.851525925
1154251,0.678434749
1292213,0.380798469
1188316,0.742418823
1138954,0.374461394
1098820,0.922670042
1345460,0.32457581
1324209,0.440639103
529301,0.240495518
509408,0.095329819
509379,0.940141409
1154807,0.128246023
1114974,0.579344586
1114401,0.833760879
1234383,0.972629238
1300296,0.034253438
1184377,0.894665835
586269,0.509330907
1092530,0.41158901
1292369,0.04052018
604460,0.326671579
1188217,0.376836142
1234704,0.110329374
1184422,0.814489973
1188214,0.510945328
1324421,0.30281659
1324342,0.337125795
604488,0.975921385
577734,0.173728987
1234633,0.197585735
634889,0.564305813
509383,0.941772463
1324246,0.575557728
1098523,0.785977061
1196266,0.282016801
1301153,0.983232739
664221,0.233904574
1092553,0.126880571
1300961,0.527068356
1292358,0.98974175
670858,0.370288305
670877,0.179898026
1327030,0.099474093
1235284,0.543911499
1292227,0.262782646
1322554,0.55869702
679707,0.420031549
1286257,0.978816874
1234771,0.720199757
1227777,0.473658899
1353868,0.468829454
1353838,0.743599859
547710,0.722062435
1198714,0.252994199
670508,0.848467725
1235931,0.299015462
1151447,0.200525493
1234908,0.288398803
1196230,0.42104255
1300718,0.008275373
1134671,0.05008354
1229575,0.741103417
1166280,0.007847059
1324384,0.824783095
519264,0.214974502
521979,0.48072526
1110304,0.09994856
1319394,0.890815343
1345463,0.804755234
1271505,0.073701494
1313258,0.803467125
1234440,0.86981141
1106615,0.652466368
1084421,0.244673277
1322088,0.495752622
634723,0.477842328
598597,0.237902153
1098867,0.105820262
1092476,0.947954181
1092516,0.219938233
614457,0.465192763
1138625,0.75994278
1188380,0.75953989
1277363,0.456265409
517553,0.921114094
1234823,0.877622356
557550,0.068874197
1353767,0.710443839
1138883,0.879830944
1345484,0.248093695
1335777,0.583559586
1324245,0.967152871
1271395,0.86039223
1271393,0.902297166
1336042,0.692162842
1106564,0.460743141
1286022,0.727339595
670681,0.260132305
1106215,0.441740009
569721,0.826356145
1194251,0.948540429
547887,0.314967598
509425,0.744320899
1092331,0.35173439
1098470,0.431102501
1092421,0.820880801
1322380,0.670277391
1202679,0.358304012
1353736,0.775636103
1235578,0.673292949
679260,0.910087579
1154903,0.717818795
1151130,0.321820492
659352,0.449454429
1188328,0.484142197
1285995,0.076977406
614535,0.315986508
1114765,0.163287305
1138209,0.683717778
1096455,0.284534687
1324579,0.633969996
679461,0.141956546
1336154,0.312869498
1184395,0.088649896
1324502,0.235119734
1134277,0.04311384
509384,0.221812292
666268,0.765773844
1327242,0.522025777
1234350,0.263686502
1329329,0.179089012
1214638,0.20413357
671130,0.410378056
659924,0.781613977
1277709,0.99841634
1292280,0.376258005
1092394,0.617791968
1151116,0.64788451
1092252,0.96199302
539626,0.049618768
1098828,0.796951723
565572,0.823570321
1099037,0.839702019
1327295,0.97399471
1343405,0.7221964
659252,0.458882563
1319504,0.057908858
569680,0.273062261
1114619,0.201236874
1345453,0.626937222
1319503,0.514182297
1345419,0.190816772
1300767,0.36613124
1326698,0.507352638
1365226,0.764663562
1102220,0.875877057
614633,0.651465534
1324525,0.987565264
659388,0.559736015
1336014,0.251523657
539576,0.539666979
598541,0.513913913
1354201,0.749029572
565523,0.536029246
670351,0.380749029
537601,0.96346987
1114860,0.903067256
598522,0.33628686
1285698,0.913003229
1343401,0.96576766
1106737,0.155180764
1322434,0.393038884
1214285,0.252914039
664286,0.897050189
1154640,0.179278771
1146279,0.022823511
1327019,0.155569737
1114207,0.126264492
1096415,0.477036707
1329308,0.466369588
557531,0.004093351
1154371,0.513372992
569782,0.205993324
598518,0.999376973
1279254,0.585510142
1151529,0.187622481
1235627,0.359575732
521847,0.093777452
1098239,0.645183773
604599,0.629503228
1326271,0.096967552
1184287,0.880866583
1088209,0.472798396
1072377,0.266406373
537891,0.417703002
1307227,0.385333328
1098487,0.812786235
1305348,0.713112921
509466,0.467049067
569555,0.265007168
1301193,0.503423739
1353429,0.991869044
670693,0.817875914
1329285,0.155580034
1229825,0.4673477
1151353,0.944203525
1319608,0.375060243
1329338,0.516286137
569631,0.483746933
1322070,0.428956519
1092387,0.839725475
1188405,0.96242497
1234969,0.257037843
1202721,0.188160835
659404,0.508042179
1335502,0.264712832
670941,0.31002251
1150386,0.944041507
1134366,0.65171136
1319554,0.016264349
1343235,0.921304766
670382,0.38825293
598591,0.765120682
1327122,0.416834515
1321836,0.494001583
1118266,0.781137888
670302,0.363314255
670235,0.66244369
529381,0.397310923
1285580,0.173830686
598529,0.315738933
1099025,0.684341206
569558,0.143760066
1322099,0.686711721
1134230,0.717795294
1118241,0.151307582
1353501,0.707535615
679500,0.519784304
1184448,0.694170303
565485,0.758539061
1114812,0.171486923
1098355,0.758032034
1098347,0.469070133
659553,0.502235159
1138794,0.166153809
1206360,0.776848431
1300298,0.641526235
666238,0.135492468
1219206,0.382399987
1092341,0.257244796
1324271,0.903599066
1292266,0.745054238
1146499,0.646310729
1114929,0.428114803
1319206,0.212400819
1154414,0.027281404
659372,0.831380573
634474,0.131599011
1229338,0.241123064
1324622,0.212495757
1322356,0.164976232
1092462,0.860852567
1110253,0.28468969
1092455,0.711816212
1206327,0.318344238
1228048,0.990646322
1166372,0.564203967
1285608,0.276150881
1301119,0.517197627
1166330,0.505717013
1114672,0.963041493
1166212,0.125627157
1138792,0.297854945
1353975,0.600811817
539431,0.734572575
539512,0.403597316
1235255,0.128304692
1198719,0.345246565
1271414,0.016335507
1166224,0.925443564
1139031,0.774143281
659791,0.762601771
1151326,0.959278755
1335527,0.04647695
1114933,0.550635662
1271498,0.856932701
1285595,0.071485517
1154513,0.783923817
1096481,0.097293815
1198322,0.362705058
1301173,0.872603304
1154907,0.91482618
1098415,0.124667409
1229751,0.965079401
1296398,0.037154591
1277420,0.945012142
1166304,0.42832401
598470,0.098118551
555376,0.466602875
1098484,0.306286449
1235920,0.715986402
660200,0.695497717
1313251,0.201735065
670435,0.972444361
1305244,0.946095444
1206398,0.793754215
1324498,0.842816795
679439,0.863638995
1184420,0.80126282
1326372,0.551664953
1214344,0.535147283
1301004,0.842793543
1353861,0.84995151
1285712,0.511847133
1230077,0.773489245
1206422,0.256451005
1322539,0.688668241
1301043,0.411556824
1092517,0.019888783
1354190,0.296713289
1150750,0.111014815
1285940,0.139736376
1290284,0.036145691
1214889,0.212405096
1114632,0.271435703
1099095,0.800436126
1214452,0.546983798
1134580,0.091094024
679676,0.205872823
659447,0.313777016
1360522,0.088674473
679661,0.952230426
1146473,0.631317058
1296422,0.14356206
1155064,0.793037568
1301070,0.745533782
1360388,0.232563225
679633,0.073488747
598414,0.491551174
1322550,0.989487346
1235780,0.589465615
521931,0.738053325
1301163,0.54394538
1285293,0.452641234
1345425,0.76193488
1096361,0.0341708
612573,0.534605922
1138714,0.182628713
1343318,0.070002362
509387,0.48196912
1277380,0.997507832
1360312,0.570829822
1080211,0.436781258
1146293,0.362754106
1227676,0.569464426
671003,0.033651538
1098339,0.841690168
1098271,0.541211162
1321987,0.452488391
634569,0.223169982
1326390,0.025092352
1146290,0.710676396
1110230,0.010152868
1292368,0.391086772
1335229,0.182887694
1322423,0.974084676
1092221,0.818986039
1106620,0.001688239
1114522,0.710311153
1292278,0.879032859
1188688,0.343046722
1188249,0.615053768
1329362,0.737101889
1271254,0.087510009
1327040,0.379142245
1146399,0.615311847
659477,0.955265828
1138727,0.966536404
509347,0.609399685
1202364,0.895868079
1158265,0.575898789
529527,0.14218068
1155066,0.166906373
1188664,0.655847761
679762,0.965573697
1151192,0.236411387
1098938,0.346745853
1098374,0.156856508
1150673,0.733085354
1155008,0.471816974
1227771,0.796746922
1092472,0.501989655
679943,0.083752035
876225,0.892714377
565483,0.664907491
664287,0.049557757
1114432,0.333451585
876224,0.387542129
1301022,0.965837002
577719,0.485432715
1150918,0.453607817
531832,0.53708393
1114843,0.375440833
664244,0.68951871
664228,0.829144358
1096448,0.907710327
614642,0.069389282
614641,0.082952403
1285445,0.836424628
1321537,0.58469373
521938,0.499107167
679982,0.24690908
531612,0.498461945
1294252,0.72152944
1198270,0.465744359
1326444,0.701247058
657281,0.195708061
1184505,0.465831905
659732,0.235813141
1292238,0.267832847
659887,0.293619817
679704,0.634736458
634725,0.384639372
1198611,0.567058004
1360558,0.984236946
1138614,0.350222879
557682,0.681682144
1329217,0.073427991
604546,0.029604089
1202527,0.048430661
635006,0.360873037
1184530,0.806758516
1146490,0.774727203
1279354,0.208290423
1146418,0.936735743
1271278,0.86839738
529297,0.462299113
1228001,0.122909556
670531,0.785461487
1194281,0.389607688
1196269,0.714214309
1206455,0.437321212
1285236,0.980030791
1114510,0.377976135
567632,0.567270368
1313286,0.282600792
1106498,0.959767862
1326207,0.845480846
1198224,0.173386404
1154860,0.50939097
1326723,0.816015976
680160,0.909258631
635052,0.608966196
1322025,0.959302536
1202502,0.37854271
1138234,0.228022382
1188504,0.529874992
577730,0.436287056
598420,0.252449916
598356,0.307595886
1235394,0.394979737
1321532,0.008830707
673222,0.439638826
1150522,0.338299311
1154785,0.952265296
1150527,0.905427809
670457,0.400572936
1139032,0.532819543
1092286,0.989124581
1154426,0.139387961
626331,0.103815686
1102308,0.04997675
1296303,0.921747516
1106339,0.500484433
1326771,0.136617142
1301003,0.550195678
1155089,0.600437269
1228043,0.373285426
1319552,0.434128129
1184440,0.869464294
557670,0.124939331
1335279,0.371579698
1138378,0.061157381
614470,0.399608888
1092212,0.373002756
1106775,0.874103161
1277617,0.572213625
1138521,0.138003874
1353541,0.470938522
634546,0.371142409
1313236,0.234539333
659588,0.619845269
1271340,0.578938042
1098335,0.395802371
614614,0.905518997
1114320,0.084385041
575243,0.107706105
1345359,0.328247411
679663,0.959606791
679365,0.405467253
1345454,0.534643974
1353447,0.921761898
1174561,0.228910174
1188629,0.631090597
598374,0.159434372
1335579,0.404409151
1198403,0.306413306
1155040,0.679689283
1296233,0.625946137
1319519,0.673753829
1321632,0.268704624
1343312,0.780477908
614591,0.996638629
531797,0.025075693
1150490,0.044796079
1150969,0.983642327
664370,0.113550709
1134591,0.019483506
1300668,0.317482305
634656,0.999698296
1198541,0.63421402
1214875,0.192847744
1227409,0.114086409
634881,0.893832999
569816,0.286157901
1098977,0.284205754
1234675,0.296247165
1229603,0.861138564
1098601,0.036734378
1271348,0.513068682
1166294,0.346118349
1184316,0.600061755
1151455,0.644504423
1300420,0.596313033
1114429,0.874516713
664266,0.435115783
1146344,0.693871014
666303,0.461477443
1106212,0.652816063
1322178,0.303379298
876227,0.745686185
1227932,0.517502933
1326314,0.431671638
569728,0.107384638
1072269,0.94076923
670590,0.312639354
1285356,0.7052246
1228062,0.988388293
1296510,0.642288962
1198513,0.710974445
519301,0.037793487
1202456,0.06952653
1154584,0.019108017
1288209,0.494249245
1326597,0.172751951
606452,0.559274148
1092361,0.055970481
1099054,0.39823811
1196229,0.926760457
1286115,0.313980016
1174343,0.333562951
1324432,0.702936104
1321519,0.039247735
1361242,0.823741511
1286052,0.833740873
1202400,0.873661297
1206424,0.448623292
1234721,0.032511704
664230,0.746201227
1188337,0.071242193
1227304,0.013752181
1235872,0.529369286
1354181,0.31981828
539609,0.51821222
1360595,0.376126699
1138918,0.465879142
1294246,0.328415664
1292354,0.346168847
1329417,0.769371379
1150679,0.954520152
1300949,0.36746123
1096362,0.88110479
1296419,0.047487925
1134409,0.074750159
1235469,0.471118334
539505,0.642071557
1271219,0.139111566
606519,0.007381195
1072341,0.727104895
634963,0.526867876
1292351,0.75246892
1234571,0.883451594
1202425,0.81369147
1290217,0.488496439
1166238,0.498670133
1151288,0.824218398
565591,0.671775674
1114700,0.060656056
1214858,0.91012524
1300744,0.689575185
1170347,0.957116256
1271283,0.781299195
565635,0.417257054
1313294,0.525939847
634599,0.441096283
1271479,0.813534187
660129,0.174669018
547728,0.121570658
1300812,0.519700276
1092537,0.37425345
1150227,0.372607399
1202715,0.616710316
670583,0.610063832
1184323,0.137418558
1151286,0.699937809
671145,0.136707619
1098427,0.645814279
1300415,0.162883115
1235352,0.799255678
604513,0.685102449
1271391,0.131003986
1353653,0.741553078
1158361,0.812289555
606508,0.326007027
1134754,0.345177396
1202281,0.517484091
1098386,0.134807937
1234779,0.086754003
1155094,0.42780539
1150419,0.017554476
1139061,0.565295051
1285281,0.406263616
1154555,0.268713954
604407,0.657455654
1305222,0.40239667
1324297,0.040274764
586328,0.249284173
680102,0.924744546
1288216,0.520083762
1214271,0.122147722
1092498,0.755910081
1322493,0.693394143
1353318,0.977861188
1329364,0.038757801
1322389,0.578513279
1138683,0.242956888
1292210,0.643063062
614482,0.869286156
1227853,0.8959314
1326733,0.033916972
1343399,0.779613913
1322010,0.32803303
1279360,0.28794491
679791,0.071775313
598441,0.327471047
670314,0.417554319
679403,0.019288507
626390,0.993265002
1138424,0.683395361
1345270,0.396678922
1286125,0.123372718
1188553,0.10115709
577653,0.647135007
1307236,0.785255635
539503,0.720832934
1335543,0.021075916
1353702,0.657742709
1335880,0.859468167
1353635,0.445551072
1360457,0.241495965
1092380,0.793537988
1202331,0.239505857
1146335,0.429365856
1154574,0.996922612
1326834,0.523320294
1321625,0.952754652
680128,0.292420144
598618,0.376064733
1335487,0.576429842
1099032,0.851330711
1277408,0.136490308
1202526,0.031915764
1098428,0.676075376
679577,0.667960705
1353836,0.158721046
1110306,0.179967039
1326417,0.223581498
1335687,0.65011592
1138465,0.141098734
1138809,0.963043727
1188548,0.058492021
555272,0.651965635
606436,0.08762987
1138832,0.689693762
1343419,0.64823074
608267,0.763589172
1324430,0.790664316
588270,0.89049816
1154833,0.150549475
545758,0.041618534
1098244,0.635676959
612481,0.345054826
1134295,0.05867053
1139020,0.984045665
1345420,0.843757552
1324581,0.813791787
634904,0.558763
1324476,0.694636032
1329317,0.857526421
604623,0.268511873
679347,0.049341612
1296458,0.21171035
529398,0.351967514
1138759,0.477244171
1151244,0.488730429
1114259,0.969930927
1345384,0.917955545
606394,0.002546837
1151255,0.846007355
509409,0.292801047
1154778,0.086286063
555355,0.954267557
1194210,0.108036332
1151248,0.614870832
1235360,0.917771793
1321287,0.29596478
1336191,0.757042791
1092310,0.326171766
1324385,0.126044303
1114303,0.612388502
1345388,0.519155227
1150427,0.428705509
1154472,0.950588952
1150749,0.077946122
577538,0.369034668
1138791,0.653285932
604594,0.152657491
1098991,0.721325262
569795,0.381442862
1134700,0.314385552
547769,0.183289363
1235922,0.562830225
1198480,0.686594213
1329477,0.97412812
659621,0.313649065
1106551,0.41156473
1072375,0.478189893
569831,0.028375228
1114720,0.166202867
1235105,0.924995477
1322581,0.897407594
1138443,0.651264497
569699,0.247276762
1360509,0.691372111
1322340,0.627751538
1138216,0.840064992
1353530,0.184756338
565657,0.105158461
1277876,0.804244915
1162220,0.878689579
660183,0.832731107
1151179,0.622970911
1114471,0.074013476
529334,0.239218198
1319467,0.915884274
1155093,0.35273736
545815,0.307562874
1227827,0.658964784
517722,0.105806718
1092345,0.118771091
557529,0.584659349
1198301,0.34194496
1234332,0.82641867
1300814,0.639200163
1150331,0.061499789
1365231,0.465386896
569595,0.575886148
1296247,0.007243929
1170418,0.137988652
660102,0.064908228
598400,0.841896
547782,0.0589227
1072312,0.192655474
1098449,0.351920811
1319609,0.621646589
614563,0.186452234
1345302,0.555058973
1098962,0.228578065
1166353,0.825221424
1335679,0.068069289
1092578,0.612740284
1229528,0.176563671
1285641,0.379544999
1098838,0.168277912
545817,0.328093239
1313235,0.974273271
1154412,0.615173849
604442,0.087720645
1096289,0.18769044
604524,0.41929676
1196219,0.242321822
1235907,0.801956057
1154772,0.506763954
1277853,0.870844586
659789,0.994445013
1329403,0.626654608
1228016,0.027982456
531664,0.114686721
1319574,0.72884508
1080237,0.092199376
1092542,0.324236237
1099153,0.923392497
1329242,0.944825128
1227501,0.326507216
679626,0.272398186
1235786,0.589525211
1227842,0.194472609
1227535,0.185555416
1151254,0.486557199
1151107,0.950380496
1319368,0.693452693
577541,0.695428437
1150457,0.799911617
569777,0.397977095
1138287,0.176604402
673253,0.095036176
1098340,0.864336887
1188581,0.790546994
1322342,0.025009671
1319542,0.933197027
1321665,0.050286182
1322247,0.394956284
1234728,0.870648091
1229320,0.360241585
586282,0.935748543
1327215,0.50881334
1300434,0.755079824
1335404,0.901334153
1227309,0.778139773
657328,0.130329088
1322293,0.253729375
679575,0.657744525
1158259,0.567234355
1227622,0.339588168
1202369,0.55677696
1300446,0.284118763
529525,0.577846348
635074,0.1750302
1098965,0.080626882
671198,0.79422696
1134293,0.423616127
634671,0.288174622
555360,0.888799614
1214409,0.337598423
1234793,0.823360697
1099050,0.042464613
604473,0.86570499
1286224,0.168722071
1184311,0.202334218
1227351,0.745274132
1322421,0.178322041
1279326,0.842259706
522008,0.4965953
1235111,0.49708872
547932,0.766346467
1138750,0.891930521
1114735,0.182859386
1202790,0.283916439
1277816,0.707195175
1138731,0.47917918
610280,0.215956658
1285387,0.6944277
1235679,0.59814316
1353214,0.529343169
1286204,0.446523472
1235663,0.084031939
1230135,0.57052023
1300934,0.574770414
1353839,0.104542067
1154507,0.599547926
1114292,0.023636873
1235772,0.776944019
660256,0.224110292
1092322,0.962547624
1300525,0.555247683
1098908,0.132073883
1214557,0.859610267
567593,0.243118297
1151554,0.517596782
635189,0.502053417
1321633,0.171082549
1277325,0.852082938
1301179,0.986105451
1228007,0.135327387
529417,0.074842637
555235,0.290907862
1154970,0.558925303
1285535,0.786555995
1072330,0.351304548
614517,0.337140641
664329,0.518116752
1138815,0.3953032
1154749,0.221739841
1215116,0.036431509
635175,0.112650772
1324518,0.140793743
1202391,0.736124224
1227786,0.106614926
1327225,0.598193593
673252,0.983877686
1214903,0.866628925
1285317,0.865937473
1184483,0.735285386
1198997,0.440937677
1114547,0.449981983
1166362,0.59769041
1322478,0.083907558
1151289,0.895115404
1098267,0.181869582
1106634,0.365872701
1154536,0.079299906
1154906,0.146149262
1296230,0.200085261
1361230,0.083567773
1098868,0.59183026
1286030,0.083401889
1321366,0.247898437
1106585,0.467377153
670737,0.109676463
1335518,0.380136818
586295,0.1562438
1188579,0.525803132
1098594,0.331792897
1234862,0.808114422
1084442,0.808673527
1174216,0.896439893
1092363,0.438304376
1296274,0.128328472
1286291,0.231003896
1151544,0.047533166
1202664,0.279801611
1092272,0.440929168
1151346,0.430321724
1235455,0.786902336
539587,0.780597485
1285791,0.013770247
1300924,0.718539066
1353885,0.280089888
1285405,0.949344017
1353890,0.220902239
1354020,0.231960012
1234887,0.827103374
1345438,0.575123986
1138887,0.725910666
679688,0.405768523
1353575,0.723295939
1324558,0.995478964
1138541,0.386315339
1288217,0.459360155
1194253,0.041907756
1188515,0.841582374
1138595,0.81333825
1271495,0.53355607
1106589,0.004673722
1098830,0.984784621
1151440,0.962494584
670441,0.765666633
569684,0.300400156
1138675,0.697234838
1234344,0.698232022
1235834,0.718464792
1235748,0.289439607
1174569,0.825572219
1194252,0.350980718
1134371,0.956742941
1345485,0.359133222
1080206,0.837188735
509481,0.743382137
1227621,0.490432618
1345380,0.22951546
567624,0.695594733
1096428,0.48378241
1096429,0.995815986
1096268,0.349813923
1142238,0.254486309
1286126,0.358518358
659515,0.378165602
1154209,0.715278507
1196281,0.693331877
1092209,0.935592177
1229586,0.859839785
604448,0.125964792
1353641,0.888188745
517600,0.24303223
1329307,0.825381964
1106489,0.87932882
1321467,0.042142153
1084406,0.113823231
517554,0.824853347
1188641,0.106729059
517602,0.396828475
1072434,0.587916766
1324243,0.000277819
1229471,0.177065542
1277690,0.984728204
1324401,0.787075763
1336096,0.563988337
1106503,0.139972446
1290222,0.177806992
1235631,0.897429356
1353579,0.90505933
679816,0.99004257
547840,0.82465927
1227645,0.205601273
577529,0.639410187
1151190,0.6224291
1227759,0.479120155
529351,0.16416541
1114913,0.584038913
1324383,0.856264653
1184243,0.286212518
1196312,0.278383646
1353544,0.154942031
1092451,0.401334351
1353787,0.310590067
679942,0.404187336
1092448,0.952899425
1146441,0.123241126
1150328,0.410403171
1335923,0.416507383
1114909,0.163655834
1150806,0.535007712
1277765,0.174121865
1134683,0.081432799
612503,0.752433113
666224,0.468256839
588264,0.871967811
1230044,0.532276948
1114947,0.776891583
1184224,0.241818
1361207,0.582712782
1324431,0.203200194
1099102,0.534655708
1277696,0.058865367
1365245,0.173646687
1184503,0.692536263
1329319,0.832257962
1098817,0.444601045
679618,0.114062808
1215069,0.34135974
1319659,0.50509221
547897,0.015238962
1155090,0.453632064
1151390,0.503352853
1150745,0.90465438
1227650,0.174205121
1202728,0.223950338
521752,0.995744515
1184232,0.137006232
1324387,0.046682563
1166254,0.550685714
1194223,0.917177273
1138613,0.124720368
1360481,0.491809167
1196304,0.480930303
1150455,0.091420585
577773,0.818977751
1155046,0.241214801
1202762,0.701126354
565627,0.258467741
1228097,0.616530567
1313333,0.033100863
1154882,0.086514433
1202510,0.002464394
1277310,0.790842276
567590,0.663899639
1327249,0.777196554
596446,0.13176917
1138928,0.991200176
680195,0.193971015
1319679,0.053919119
1158345,0.204792921
1277753,0.831107578
1151533,0.03570481
1228026,0.077284322
1150851,0.276634124
1202718,0.649375424
1319602,0.015265976
1227773,0.660404927
1188501,0.57526186
1307239,0.65888431
1138513,0.128786861
1234942,0.72257189
529350,0.363387999
1139063,0.555233325
1277681,0.88992702
1098964,0.887465136
1110275,0.384555497
539467,0.794784348
1154502,0.705770528
670486,0.783175831
1326221,0.853740616
569768,0.466824272
1290277,0.033549173
1227597,0.90243264
634948,0.225312501
1134422,0.699055269
1300816,0.001203354
1324486,0.663426229
1098577,0.573308415
671084,0.45445544
679608,0.707121272
1227601,0.684832599
1098678,0.720036915
1114799,0.823905357
1235608,0.250684608
660174,0.89238416
1106545,0.698367211
1188690,0.258093108
670961,0.15157147
1227999,0.618011055
598370,0.358021736
1084463,0.869274003
1202330,0.844531243
1322128,0.929887266
1202470,0.462523072
1174388,0.770361437
670682,0.302888059
1098638,0.177998443
1354142,0.721856145
1134702,0.972189853
509333,0.19119617
660169,0.285771778
1343347,0.052046192
608302,0.939287651
1219208,0.424079686
659304,0.433969028
1202436,0.014216382
1150391,0.122422564
1151234,0.689531069
1335779,0.884006683
1202355,0.693204737
577799,0.026506163
1290283,0.571928597
577796,0.601087522
1234443,0.95446454
671174,0.765631156
782207,0.216401622
1138577,0.567970321
569594,0.671581528
1235365,0.332157712
1285725,0.456547819
1313270,0.927302834
1235478,0.771625492
604529,0.311488181
1324485,0.262066519
1134766,0.543959182
635044,0.320606703
1326618,0.82094019
1322067,0.854881056
1343346,0.639656684
1214495,0.839107927
1360298,0.302957818
657372,0.109274711
1228104,0.606107279
1114678,0.173256613
598494,0.966139805
1326881,0.17338247
1329206,0.599919748
1300947,0.653946869
1301082,0.997202804
680080,0.482406622
660117,0.084467961
569706,0.872563823
1235331,0.724152336
1343397,0.414415045
1327071,0.833498237
539528,0.062479606
604538,0.445560635
529396,0.182632076
1202800,0.700480717
1335469,0.373759646
1296357,0.888650209
1229771,0.9589919
1305291,0.001849888
1174288,0.864499061
1184443,0.582183617
1313226,0.164704101
1329290,0.959395846
1305309,0.294551084
1292323,0.119761363
577679,0.13231538
569570,0.563585843
1138375,0.787524348
1150942,0.990818798
1235800,0.337706816
1098923,0.88762201
1305255,0.856497208
1235593,0.655215985
1202214,0.406098762
1150430,0.692926018
1146223,0.635355013
1227302,0.681793422
1229255,0.667640511
1300640,0.748032458
680185,0.130324821
531594,0.370825511
680186,0.992605577
1327200,0.408272986
1198958,0.681421547
1322551,0.839767271
1099159,0.789204749
1336199,0.41457285
1206383,0.6576443
679364,0.589875722
517683,0.315412074
1199042,0.755473255
1198807,0.950978697
1343281,0.032719985
626377,0.349681462
1214676,0.702860002
1227974,0.271806777
1324214,0.063003247
1154897,0.177198604
1098794,0.497651965
1227406,0.094801142
1162225,0.111749881
507212,0.534040012
610266,0.586037802
557569,0.959508219
1092232,0.743500892
1202210,0.332695192
1343354,0.428012019
1174285,0.62549353
1151587,0.594786839
670759,0.413659812
1084445,0.991970415
1202555,0.117647095
1166313,0.699023572
1151309,0.015280429
1227669,0.211829362
1300867,0.640135603
1296423,0.322120758
1343375,0.886905578
1174449,0.419429671
608317,0.579312022
1110247,0.922709925
612605,0.736337663
659908,0.03608055
670808,0.372248855
1353873,0.746158791
1361233,0.564458225
1235710,0.033299305
1288214,0.669657689
1194216,0.06856959
1277705,0.06239521
1146276,0.559986589
634849,0.544254067
1335333,0.183413419
1321435,0.368234
670914,0.846454367
1353284,0.037671704
660235,0.822526417
670471,0.448947472
539567,0.979909797
1285376,0.643432693
1184306,0.645312957
1292336,0.241697029
1345321,0.143015546
1114322,0.210753156
1227865,0.237101936
1188299,0.662789411
1098901,0.539030534
1307251,0.062996032
557668,0.157234041
1345249,0.91787566
598527,0.362299725
1114943,0.222977543
1106483,0.321052684
679782,0.811432395
1158307,0.329714394
1324626,0.635345967
1335391,0.258648966
614545,0.846114754
1151567,0.142436113
679499,0.263862102
1184266,0.473561009
1305354,0.998688226
1150676,0.616915115
1228047,0.93994397
1301074,0.707428162
659960,0.84354753
1151250,0.603267956
1166348,0.565937488
1151247,0.112729731
1202478,0.302610172
1326877,0.998235466
1146397,0.294330701
1277382,0.471407998
680025,0.811819354
555326,0.441275262
1151526,0.098079529
557644,0.355259383
1300983,0.342814125
1134337,0.17161879
1202822,0.712792858
1353684,0.886144817
1335416,0.077707163
920247,0.616396551
1329328,0.986958872
1106528,0.81091506
671183,0.93130955
1096424,0.105445796
1322276,0.086674537
1138550,0.434744225
1151395,0.264741655
1313231,0.439927124
614465,0.893668632
1326936,0.740385778
1098378,0.270537989
509397,0.370601666
679245,0.996991748
1305349,0.488884341
1305350,0.49007328
1235454,0.898386562
1102217,0.692435861
1353398,0.088330996
1235295,0.215019239
1174254,0.635651244
577706,0.062317846
1292284,0.610553532
1296474,0.621989854
1235564,0.462232095
1092534,0.05391024
1271324,0.009043477
1353617,0.556086311
1300371,0.098802294
670978,0.228850379
1214699,0.915122799
608283,0.027271734
1361272,0.68803304
1329304,0.008887009
519367,0.142819945
1353259,0.282407333
598481,0.453464149
1134705,0.20991401
1336189,0.681019613
666212,0.668665185
1300803,0.662120431
666306,0.225111273
1329245,0.271720454
557659,0.458700231
569666,0.71904461
1285502,0.736411098
1098331,0.657097214
509487,0.47614969
671137,0.485975605
1150953,0.48605408
1110302,0.71902338
1202506,0.962944116
1335474,0.019288077
543615,0.428669625
1138906,0.529848451
1277663,0.81590936
1114316,0.835485639
1214892,0.544525476
1225210,0.131258169
1184414,0.018130866
1235588,0.381887691
1098509,0.526792131
1345338,0.474452606
614589,0.501622968
612617,0.622493609
1202493,0.753292487
1150901,0.731459522
1329473,0.849703233
1154784,0.846503771
1150763,0.874266919
1360468,0.872316633
1138955,0.021500905
1285957,0.764828924
604465,0.784059703
670365,0.889794037
577783,0.472285937
1327012,0.646406637
1277399,0.311506753
659511,0.297856165
634813,0.119647121
1188342,0.137864581
1150724,0.725647092
659901,0.729999014
1150514,0.592133183
1184442,0.685914557
1158370,0.55090705
1227210,0.896256087
539557,0.479891957
1096212,0.072591106
1138610,0.781238494
565495,0.664674046
670548,0.544979248
1151338,0.47467137
1277368,0.905866144
680111,0.862076034
1277320,0.652948577
1335609,0.9168083
1345499,0.999962066
670921,0.263137566
1166287,0.111520325
539533,0.171335586
1324552,0.617402367
1277653,0.893881522
670537,0.75467597
1202597,0.828917586
1319687,0.551201971
1294216,0.003582171
1322594,0.239066451
1138410,0.760337913
1098576,0.988803081
1285570,0.051185857
1214829,0.106316815
1092258,0.068891826
1098504,0.894563081
1326404,0.04538953
1154247,0.11521519
1319491,0.026194505
1345396,0.705562182
1072478,0.223341228
1138720,0.775858149
634896,0.88071727
598495,0.358586349
1150637,0.564352268
1098876,0.794466354
1098679,0.34533669
1188588,0.196140103
920227,0.340283625
920288,0.472603151
1196252,0.565659145
1296329,0.244726906
1118228,0.281916738
664327,0.72548236
1292245,0.332987514
1154827,0.508252047
1118244,0.728400297
1072387,0.355611248
1184214,0.052544624
659624,0.95402835
1277450,0.380104472
604608,0.481169541
1098995,0.447691535
1076290,0.658958687
1353615,0.388689886
673303,0.991282697
1300527,0.014228034
1092519,0.646697474
529302,0.977073185
1353656,0.868510325
1345366,0.967917744
666210,0.491775099
1321669,0.814633624
1235746,0.207577911
1196255,0.121781226
1098911,0.528632353
569587,0.729410596
1235386,0.24548204
1324294,0.936676224
586313,0.253335099
614732,0.46688273
1206409,0.024273113
1106587,0.476674848
1227518,0.523296605
1174286,0.517929809
1084468,0.531703453
537635,0.960134069
1235500,0.488995776
1305352,0.494631278
1286066,0.490361097
614637,0.570655002
509452,0.291673285
1326556,0.549624898
529360,0.941689677
1229635,0.972574339
1227914,0.126842533
598525,0.320105857
1234273,0.128396447
659655,0.496350736
1151210,0.206357675
1188666,0.725494364
1305289,0.350885172
1313334,0.943958666
1345334,0.401874658
1227763,0.70369932
1114865,0.411286527
1151556,0.665477973
666315,0.773560896
1198492,0.056717518
521975,0.234394546
1326739,0.692147953
1151215,0.926418899
1138460,0.438827129
1098314,0.371008596
1146494,0.197899341
537855,0.091636227
1092486,0.488666207
670842,0.284476707
1324469,0.480937403
1235693,0.608835368
1290253,0.100171898
664325,0.23233508
1361254,0.901754645
1360590,0.939429399
1096251,0.712870488
1092236,0.43623262
1326683,0.439090751
577766,0.316246523
1321260,0.528706139
1324257,0.150456463
1174370,0.615280475
1296385,0.365308359
1138586,0.173041508
1174490,0.228756986
577749,0.001985132
1300860,0.784633267
1096208,0.286422073
537857,0.820618915
1324441,0.503719824
1184256,0.812316419
569732,0.848973282
1138404,0.160225781
614636,0.807344215
1198254,0.192759635
1294207,0.077375902
671081,0.36432962
1300453,0.377971301
1184470,0.178715248
1092319,0.006524299
1106207,0.049270034
664232,0.186334675
509435,0.539691557
1098571,0.400377514
1301139,0.480412246
604549,0.231828361
1198754,0.864685591
1324242,0.457170831
604540,0.604511389
1214720,0.911177987
529361,0.700279668
1096485,0.622844188
545814,0.034523471
1227619,0.019066477
1227318,0.136792046
521916,0.885587545
569665,0.737832515
1321308,0.939785698
1072320,0.687000318
543618,0.041844451
1072266,0.089637138
679795,0.84150356
529548,0.697096787
517516,0.630625096
1146389,0.047336226
1184517,0.898146354
1202811,0.395693331
1084370,0.382988525
1235109,0.131211272
1188695,0.077145121
557628,0.063140538
671019,0.394410852
1345468,0.540893195
1114243,0.27260075
1184252,0.769355207
1296492,0.562825807
537735,0.600399196
1296234,0.530838055
679664,0.643485734
1353215,0.487542882
614696,0.451615524
1106253,0.927224173
1235880,0.386138855
1098998,0.059281773
1313298,0.339309798
1292318,0.366607153
598590,0.080834566
1343290,0.044653392
1138905,0.250871006
1229909,0.292040827
598413,0.530787643
660146,0.08266356
679932,0.027018004
1271446,0.261556257
1092469,0.032965211
1319585,0.940840569
1227268,0.625259639
1098229,0.039037858
660120,0.361320297
1271455,0.494901401
539583,0.34043932
1279345,0.811107354
1300490,0.856480532
1114712,0.61474306
1150928,0.740127284
1326473,0.67700251
1138218,0.052202268
1134557,0.660424043
1329349,0.545549531
1162207,0.311445004
1151586,0.928945006
614597,0.643752031
1188607,0.939641209
1138452,0.654537765
1154304,0.982961153
521997,0.03950413
1271508,0.307553867
1294218,0.908224689
1345357,0.057717941
1202433,0.900552232
539614,0.877700039
1151528,0.535516321
1230149,0.756114803
1329247,0.382466101
1166259,0.449899181
1138426,0.972813904
1335376,0.498619692
1305329,0.067131157
1092370,0.91042468
539581,0.031820553
1345284,0.258189622
1099033,0.031580364
1296418,0.173154539
1285655,0.056897174
1345372,0.229379434
1138556,0.605166397
1184249,0.559666957
1229466,0.683272339
1322570,0.263902552
543621,0.488171527
1138321,0.338090214
614526,0.892693306
1319451,0.356697903
1114537,0.708955713
509395,0.274920755
679487,0.087205548
1096406,0.845143925
1345411,0.833008386
586317,0.925651558
1114623,0.064781449
1151126,0.556310776
567586,0.201938169
614494,0.300553724
660203,0.12368157
1154378,0.792024252
660134,0.308567388
1106531,0.217444278
1138609,0.33657131
1166242,0.981282815
1234690,0.260129622
1098497,0.675276716
1322064,0.346235321
679672,0.396432518
671005,0.477000253
1138914,0.078455572
1134334,0.822583418
1158257,0.877428561
1151229,0.724625639
1138629,0.454659486
1150442,0.665904166
1098773,0.078867031
1286004,0.734720052
1098983,0.847630333
1360501,0.401941723
1319490,0.909962257
673311,0.123353713
680092,0.849909819
1202293,0.817736744
1235939,0.676129552
1215125,0.556677289
1271222,0.566098141
1353765,0.982199481
1335520,0.716107865
664316,0.716373452
1214802,0.593787375
598530,0.843599335
1206434,0.846989187
1092385,0.23182742
1322463,0.022157764
670456,0.487689081
606482,0.062481422
1353524,0.583820238
1214819,0.783203061
1335237,0.105621565
1271457,0.633816512
509497,0.555687047
1092214,0.755078985
1279295,0.030180895
1301130,0.763242895
1134507,0.31216958
519344,0.265436186
1335937,0.721194323
626392,0.991419595
659572,0.494271802
1277565,0.385778826
660069,0.056936855
1329336,0.824226942
1138746,0.470460165
1196273,0.757264612
1235784,0.208730369
1202710,0.749330899
1353220,0.929308233
1277731,0.233759372
659934,0.533415269
1150443,0.101969736
670889,0.136514496
547888,0.465214496
1198748,0.433237038
1300223,0.95298906
1227400,0.736417992
1225228,0.94914416
1227248,0.387698156
1146432,0.834123067
1166371,0.504099126
1285872,0.531368181
1138236,0.669666964
1229570,0.235927145
614541,0.514265908
1300269,0.712887589
1235542,0.521932941
1214835,0.072820377
1114826,0.613230013
1106675,0.411852252
545813,0.87391286
604425,0.549927712
1327198,0.385984357
1202332,0.728054335
1353799,0.481405227
1151133,0.930143976
1092431,0.713796578
1138445,0.231201894
1154550,0.027092401
1154950,0.088261567
1154661,0.67358005
1296428,0.920591491
1155000,0.703650849
1335929,0.980469126
1106768,0.496282366
509441,0.389924666
1214883,0.91763124
1285398,0.626753104
1199049,0.252765837
1099042,0.248123457
1321423,0.355124901
1353740,0.811845419
1106630,0.268522976
659528,0.589444345
659235,0.29794202
1196326,0.165622385
1353488,0.306970212
1324442,0.555344118
1184378,0.845759021
1072252,0.774377168
1214863,0.411937458
679726,0.686084535
634828,0.041610548
1227508,0.413388141
604506,0.424979808
604457,0.863301708
1099071,0.868421383
586329,0.754869347
1360356,0.785995837
557649,0.256896707
679819,0.178285519
1324637,0.101955406
1138711,0.686024835
1150363,0.274896703
1092309,0.864870437
1092413,0.100469034
1198625,0.840617544
1285582,0.209296312
555275,0.066136265
1198826,0.569782066
555341,0.256119733
537887,0.562225117
1202681,0.174570944
1296299,0.478779434
557684,0.217269274
670617,0.875296882
1353422,0.005831956
1098612,0.458918328
1360306,0.461157965
509427,0.086931836
269961,0.600608135
1319457,0.640060872
1202650,0.782506035
671088,0.824668699
1142234,0.206328927
1154452,0.322989416
1138501,0.217739753
1151347,0.528502885
673229,0.131253928
635139,0.591805486
1234971,0.730623131
1166381,0.677678639
664260,0.657791693
679706,0.019271882
1110355,0.704311832
1300944,0.217614729
1300824,0.787196961
1199006,0.628468865
1214584,0.188965213
1234874,0.807560365
1202821,0.231113424
1150919,0.186158884
1353479,0.028015515
679637,0.70606464
1098987,0.567056606
604591,0.065492092
1321601,0.825452575
1138271,0.233598651
1114590,0.593343303
1322497,0.969611948
1150474,0.952574287
1324578,0.882264103
1134684,0.523534717
1324361,0.349720948
1353629,0.2561277
1286201,0.333057168
545742,0.492486911
614492,0.594803506
1327204,0.409276266
1354067,0.331964884
1134291,0.27375927
1114798,0.775475619
1235193,0.20910008
635133,0.543203102
1326801,0.977329055
659873,0.061011748
1110321,0.388258782
1327163,0.956047328
1324207,0.897462297
1096331,0.549706093
1202244,0.237273204
606497,0.110464828
634986,0.999858041
664350,0.303572856
1166235,0.014501695
1106617,0.002767265
1099021,0.991411697
1214561,0.745949495
1345355,0.014982901
1327050,0.242964126
1229340,0.687950361
1365233,0.219207491
1154900,0.253482835
1290226,0.963729484
1188350,0.284549268
1184502,0.983547283
598451,0.28854747
569645,0.327012347
1326795,0.032314324
1286312,0.210818526
1098919,0.648462819
1092403,0.200323984
1227312,0.946379528
1229214,0.700033269
1271418,0.461620718
1096537,0.143889255
1300856,0.49317905
1343282,0.584280384
1285400,0.913578561
1134439,0.129084602
1235458,0.735618287
1292287,0.165229866
1150925,0.340714227
614553,0.914151321
1235432,0.04895649
1092523,0.181936783
1321739,0.499413125
1327241,0.079079299
1300421,0.822764145
1150811,0.992115955
1324212,0.16977501
565612,0.356820285
1345358,0.000705225
1292329,0.512218121
1327275,0.938107927
1277686,0.148394058
1292298,0.739479875
1114721,0.498042023
1335310,0.578363176
1134373,0.895581256
964224,0.751028303
531590,0.932911031
1235211,0.420107736
1235222,0.527191563
1106376,0.303032065
1098515,0.104687543
586253,0.218804803
1188655,0.072369306
1335263,0.274976146
1202315,0.570769071
614544,0.641426278
1324241,0.7595453
1313267,0.875291533
1292299,0.392932478
1072259,0.621980164
1354162,0.41989552
1134340,0.70916542
1327255,0.245935292
1174395,0.312949359
1326452,0.523015546
1271454,0.867641725
1353749,0.072197822
1235750,0.924031888
670599,0.427569957
1154967,0.339305882
517507,0.006887325
1198954,0.881939129
1324331,0.622163234
1150628,0.186312916
920320,0.594946225
1154373,0.51538031
1154382,0.932003108
1154929,0.815111438
1098591,0.469629138
1321623,0.250907463
1146284,0.648185508
1335531,0.637100261
1286219,0.080398766
1184535,0.690619149
1329337,0.337337347
1114270,0.881316222
1188689,0.765903416
1277664,0.359959424
1322198,0.102528744
1227348,0.624084219
1326407,0.369792953
557671,0.496181349
1072319,0.453580844
1360434,0.460527437
1202216,0.7076377
1202324,0.812198231
1286274,0.228771501
1092471,0.506028642
679614,0.739056007
614710,0.182747518
557697,0.720500578
1138827,0.615763161
1353525,0.770398803
1154806,0.638267258
1170407,0.013909462
1335412,0.486739887
666336,0.614026898
670700,0.17908508
1102291,0.803537994
1150446,0.18433848
1072232,0.025944127
1271267,0.743823532
1154802,0.636076067
1151365,0.875421493
1151079,0.309847405
1092269,0.630790025
577687,0.357866081
529536,0.830338432
1151103,0.126078326
1235842,0.631074952
577764,0.787743693
1188509,0.863902154
1321896,0.492991163
1235183,0.90697926
1321211,0.347771262
1324478,0.195881001
1214782,0.445953823
1194298,0.567544735
1227923,0.185962416
577794,0.930478385
1096612,0.991324793
1301034,0.90769548
673255,0.998314171
1114509,0.620233051
1202680,0.233883877
1166253,0.256223666
1271251,0.780512856
1229547,0.827340415
659858,0.895760357
1301097,0.395558438
1092231,0.952056808
1138479,0.589906043
679356,0.363055113
1198765,0.153600566
1098305,0.721352311
1326886,0.946779443
1106670,0.87043416
1138475,0.552796833
614606,0.868795154
610296,0.399368809
1345340,0.063367387
1271271,0.642797458
1151042,0.556705813
1114990,0.178158556
1335589,0.41408192
612622,0.549344474
565608,0.829054598
1321251,0.699246341
1227720,0.983926899
1184462,0.141924923
1235641,0.391829711
1321779,0.27522054
1098441,0.420722644
529500,0.284651194
1106546,0.587840097
612607,0.17465473
1301035,0.176406764
1092480,0.661140338
1327114,0.79037526
1114711,0.387716619
1322080,0.343817221
670997,0.473117532
1319327,0.671205728
586355,0.241222187
565557,0.172888427
1215139,0.667887811
1092545,0.640469787
1300280,0.197389822
547829,0.180981432
1271499,0.895028074
1206328,0.664802185
1098361,0.860507285
673228,0.156875273
1235227,0.764475732
659566,0.682528409
1202468,0.679897945
1106262,0.043407946
1343209,0.297590332
1214822,0.398052004
1235580,0.700292456
1360512,0.176376439
1202471,0.999401862
1327015,0.655176603
1146314,0.515535271
1151400,0.114238615
1227370,0.475186056
1072376,0.095616096
1154743,0.799822631
1184260,0.324501409
1301075,0.847699086
1092528,0.101033129
614605,0.189256618
1235642,0.845405826
1353277,0.077607288
1229536,0.708098959
1184211,0.548722451
1198498,0.256854734
547723,0.723933047
1277819,0.375739886
1300935,0.172571366
1146278,0.132733851
539615,0.984070925
1151290,0.533727542
1335353,0.83667495
1326544,0.341018562
1326548,0.316434847
1198821,0.747047272
1092245,0.65983382
1326908,0.394250768
1166245,0.965421026
1360411,0.883910752
659401,0.162873052
1110252,0.998128862
1300397,0.307360225
1114317,0.391161269
679720,0.752763636
1151246,0.920696233
537883,0.672765299
1110220,0.445399124
1326435,0.086274303
1234264,0.883446062
529508,0.870718961
1092352,0.257795406
1286064,0.442341284
1235916,0.32940069
1361241,0.339300803
1106649,0.853225807
1096564,0.088384128
1198875,0.902484526
1235242,0.835000319
1188650,0.582858138
1235671,0.800389072
1106567,0.324133774
1151297,0.731662156
671059,0.720839181
1279364,0.959931463
680078,0.94806027
598546,0.757742423
1174537,0.606422779
1098358,0.667145764
1353676,0.190744502
1098574,0.662566558
1321751,0.354103889
577778,0.077662527
659310,0.639231724
1321298,0.555596406
1166311,0.279578078
1188518,0.610229905
1296270,0.721926724
670348,0.706121265
1327148,0.601604874
1343286,0.487984399
598608,0.455614835
1202528,0.687958983
1194227,0.297066472
557698,0.628799817
1324272,0.856199642
1166298,0.61673997
679865,0.567506328
1098299,0.248145312
1146392,0.21218677
1326716,0.992733905
1327167,0.879345705
1326549,0.885808099
1151257,0.728031903
1326918,0.391821816
1327100,0.291098932
1151501,0.011335453
1151468,0.864044256
1326242,0.537939542
660237,0.251283647
1106266,0.962257083
1150333,0.480272925
1227734,0.892502961
1146354,0.801649135
1277609,0.893462728
1300482,0.98286753
1286222,0.76850425
1150920,0.808339472
626372,0.418526957
671079,0.392712631
634686,0.453500025
1324463,0.042070843
1336046,0.035392069
1361258,0.065233759
1353687,0.645307475
1324645,0.004726746
1134779,0.672249463
1300368,0.37576152
1277505,0.659457637
1138799,0.968351242
529428,0.740807413
555339,0.029445153
1138260,0.011812466
679792,0.751572597
1174557,0.385959584
1322336,0.600274348
1158270,0.962308134
1110325,0.601312528
1292290,0.740200522
1345501,0.417742878
657349,0.629652538
657324,0.568874606
1296335,0.350387815
1206228,0.269431545
586333,0.331072963
614520,0.871930776
1114691,0.407399339
1271293,0.942059257
1150880,0.011360319
569591,0.734517396
569710,0.419697361
1354149,0.602359453
1092410,0.841879953
1099106,0.754203358
1138323,0.66651912
1353570,0.358908368
1096479,0.461935445
614600,0.76700319
1285229,0.800200114
1206369,0.963719847
964211,0.601735531
660003,0.629823796
1235163,0.264139578
1294255,0.7531229
1184267,0.576778114
1324358,0.675554218
1361244,0.162265659
1114228,0.344179322
1229355,0.698172206
1327074,0.919803457
604451,0.080425194
569574,0.563690562
1110326,0.844927277
1151173,0.627783631
1326559,0.564113199
1110334,0.033338525
1092396,0.858065906
1198505,0.114804094
1229462,0.603886455
1099117,0.309589303
539562,0.208368992
1235792,0.618639094
588260,0.575563836
1114331,0.827986704
606411,0.274866911
1353695,0.891413874
1184466,0.062643209
1365223,0.905447251
1214629,0.580803113
1154946,0.400242508
1146350,0.982178863
659600,0.227642273
1134498,0.370992203
1138910,0.956265848
1154624,0.154107086
782219,0.430051482
519353,0.790757725
1335828,0.427669094
1300483,0.043322561
1092584,0.246893057
545598,0.176119958
1194294,0.364042241
1214389,0.47734337
1214394,0.932616393
664382,0.428790927
1202340,0.109934731
1154796,0.833438492
1206402,0.400396006
1102214,0.255895084
1335524,0.592281163
1227794,0.126228924
1271331,0.486276365
1155024,0.815227116
1155021,0.394199693
1174559,0.655986328
1106717,0.35965901
1324450,0.833443052
680125,0.344699069
1158269,0.292585733
1138814,0.501581698
1227372,0.737476815
521977,0.143504576
1114988,0.273263235
598576,0.0270945
1321240,0.14383317
612546,0.359325706
1319406,0.247304882
1319508,0.656033815
1354053,0.285323426
1277792,0.698381322
1138549,0.668856617
1324340,0.509435204
1114538,0.337452349
588246,0.188669342
1345421,0.667912497
598359,0.905802396
670592,0.743787001
679478,0.881112051
1072236,0.588565643
1229672,0.482095139
1072510,0.798117655
1214806,0.163467629
1202362,0.473014956
598459,0.84842932
1206388,0.959108067
1327206,0.004719392
1138542,0.438353231
614611,0.241229227
1134654,0.934234508
569817,0.43610317
1206305,0.497893565
1301177,0.303406423
545776,0.633119461
1235165,0.066824742
680058,0.482487916
1098443,0.558419486
1327028,0.965861966
598472,0.184317099
1150241,0.905759502
1114999,0.623241325
1300406,0.841563164
577811,0.714957216
1098909,0.197058796
1096430,0.068030908
1202677,0.733798006
608303,0.59263484
1106698,0.440637685
1198790,0.369897104
1114565,0.043507833
1234994,0.828921087
1184245,0.943635148
1099090,0.889984003
569737,0.063460851
569745,0.046844905
531623,0.837472494
1279305,0.581446528
1322078,0.230912394
529492,0.667134269
1106258,0.667412635
1096426,0.981582803
1092569,0.116607677
1326629,0.278585694
1326614,0.128272949
537726,0.784067096
1227303,0.196472632
1166217,0.741153393
1326449,0.927844762
1134547,0.115098366
1335235,0.161307995
1324566,0.349674677
1106474,0.205903776
1361276,0.302129895
1335483,0.265044139
634861,0.549041095
1277266,0.964375898
1102263,0.180048798
1353631,0.812093371
1353632,0.48099489
1102264,0.257855612
1158294,0.127298449
1319544,0.355201522
1158321,0.373269706
1158231,0.891573876
1319515,0.303727569
1158207,0.323304423
1206243,0.598064489
1151570,0.868440881
596429,0.849798014
1292267,0.521208439
670830,0.637359885
1326623,0.892166237
670413,0.508648481
1313335,0.957470507
1092539,0.713166666
1326835,0.705832188
586290,0.563955105
1214237,0.405957329
1235860,0.460746239
1092420,0.827185057
1184489,0.668326661
1150253,0.438983934
1151481,0.999453646
1300227,0.021190872
1319655,0.995523066
1092509,0.341264759
1300704,0.517690586
1150327,0.046085372
606464,0.678466174
1285412,0.140996288
673241,0.261115369
569717,0.567584188
557636,0.336149008
1150962,0.065639608
1227531,0.384471847
1092551,0.418818362
1360458,0.042956567
1092485,0.340033595
1336009,0.784855313
1336192,0.93504045
577622,0.546279381
586243,0.265994024
1214279,0.122315886
577681,0.691179201
1099091,0.337914653
1188399,0.816644491
1326507,0.331477579
1277796,0.246941863
1329363,0.930016233
1150952,0.386249972
1285687,0.818589116
545801,0.512792215
1114796,0.525623729
1150721,0.815181668
1277697,0.563796949
659952,0.073963557
1166380,0.626479423
1098483,0.885686323
1285733,0.040609581
519252,0.705299657
1154206,0.235264599
1235867,0.620524065
1235254,0.896226892
1300542,0.354429936
1229578,0.385026388
1322274,0.363505033
1313358,0.217301704
1151232,0.505404966
1150424,0.611291192
1184279,0.049513467
1158268,0.776033352
920362,0.693870387
1106322,0.278273526
1321989,0.178514751
1345413,0.073066299
1138341,0.276915975
1327230,0.584127728
612515,0.109966747
547778,0.906958389
1343327,0.873521713
1099015,0.016934803
1214337,0.720715009
1114836,0.255670155
1138784,0.759563656
1114733,0.34152767
1360293,0.367648145
1326894,0.56505106
1158276,0.105612509
660233,0.650788101
569747,0.968724757
1188470,0.496854451
1092478,0.866361729
1215142,0.975193345
1235759,0.478231511
606435,0.977758218
